{"sisnr_loss": -8.590278609345356, "_timestamp": 1713507119.3106961, "_runtime": 2840.0842051506042, "_step": 3}